{"cameraMode":{"drawMode":0,"name":"Shaded","section":"Shading Mode"},"sceneLighting":true,"audioPlay":false,"sceneViewState":{"showFog":true,"showMaterialUpdate":true,"showSkybox":true,"showFlares":true,"showImageEffects":true,"showParticleSystems":true},"in2DMode":false,"pivot":{"x":301.4267578125,"y":-141.0154571533203,"z":-91.02891540527344},"rotation":{"x":0.1680457592010498,"y":0.7493351101875305,"z":-0.20792804658412934,"w":0.6059867739677429},"size":294.8096618652344,"orthographic":false}