{"cameraMode":{"drawMode":0,"name":"Shaded","section":"Shading Mode"},"sceneLighting":false,"audioPlay":false,"sceneViewState":{"showFog":true,"showMaterialUpdate":true,"showSkybox":false,"showFlares":true,"showImageEffects":true,"showParticleSystems":true},"in2DMode":false,"pivot":{"x":40.099998474121097,"y":-36.29911422729492,"z":-54.41731262207031},"rotation":{"x":0.05766042694449425,"y":0.7774972319602966,"z":-0.07205553352832794,"w":0.6222182512283325},"size":22.0,"orthographic":false}