{"cameraMode":{"drawMode":0,"name":"Shaded","section":"Shading Mode"},"sceneLighting":false,"audioPlay":false,"sceneViewState":{"showFog":true,"showMaterialUpdate":true,"showSkybox":false,"showFlares":true,"showImageEffects":true,"showParticleSystems":true},"in2DMode":false,"pivot":{"x":-3.2932443618774416,"y":-0.19615568220615388,"z":-4.92429256439209},"rotation":{"x":0.03788093477487564,"y":-0.6870425343513489,"z":0.03589564934372902,"w":0.724757969379425},"size":18.53598976135254,"orthographic":false}