{"cameraMode":{"drawMode":0,"name":"Shaded","section":"Shading Mode"},"sceneLighting":false,"audioPlay":false,"sceneViewState":{"showFog":true,"showMaterialUpdate":true,"showSkybox":false,"showFlares":true,"showImageEffects":true,"showParticleSystems":true},"in2DMode":false,"pivot":{"x":51.973140716552737,"y":0.9900000095367432,"z":-47.942020416259769},"rotation":{"x":0.2703271210193634,"y":0.6750689148902893,"z":-0.2942100167274475,"w":0.6202424168586731},"size":4.041658401489258,"orthographic":false}