{"cameraMode":{"drawMode":0,"name":"Shaded","section":"Shading Mode"},"sceneLighting":true,"audioPlay":false,"sceneViewState":{"showFog":true,"showMaterialUpdate":true,"showSkybox":true,"showFlares":true,"showImageEffects":true,"showParticleSystems":true},"in2DMode":false,"pivot":{"x":64.6470718383789,"y":-475.0715637207031,"z":-480.9405517578125},"rotation":{"x":-0.016668418422341348,"y":-0.918165385723114,"z":0.393953800201416,"w":-0.03885580971837044},"size":672.0535888671875,"orthographic":false}