{"cameraMode":{"drawMode":0,"name":"Shaded","section":"Shading Mode"},"sceneLighting":true,"audioPlay":false,"sceneViewState":{"showFog":true,"showMaterialUpdate":true,"showSkybox":true,"showFlares":true,"showImageEffects":true,"showParticleSystems":true},"in2DMode":false,"pivot":{"x":66.6328353881836,"y":-3.998577356338501,"z":-52.16071319580078},"rotation":{"x":0.3740980923175812,"y":0.6007004976272583,"z":-0.3754463493824005,"w":0.5985456705093384},"size":101.8751449584961,"orthographic":false}