{"cameraMode":{"drawMode":0,"name":"Shaded","section":"Shading Mode"},"sceneLighting":true,"audioPlay":false,"sceneViewState":{"showFog":true,"showMaterialUpdate":true,"showSkybox":true,"showFlares":true,"showImageEffects":true,"showParticleSystems":true},"in2DMode":false,"pivot":{"x":76.76203918457031,"y":-88.94251251220703,"z":-56.634761810302737},"rotation":{"x":0.3927137553691864,"y":0.5876495242118836,"z":-0.3917757272720337,"w":0.5890695452690125},"size":216.58509826660157,"orthographic":false}