{"cameraMode":{"drawMode":0,"name":"Shaded","section":"Shading Mode"},"sceneLighting":true,"audioPlay":false,"sceneViewState":{"showFog":true,"showMaterialUpdate":true,"showSkybox":true,"showFlares":true,"showImageEffects":true,"showParticleSystems":true},"in2DMode":false,"pivot":{"x":33.092342376708987,"y":-9.348102569580079,"z":-49.52889633178711},"rotation":{"x":0.2906082570552826,"y":0.6538040041923523,"z":-0.30143386125564577,"w":0.6303008794784546},"size":79.18746948242188,"orthographic":false}